ID,Summary,Details,Introduced,Fixed,source
DSA-5469-1,thunderbird - security update,"
Multiple security issues were discovered in Thunderbird, which could
result in denial of service or the execution of arbitrary code.


For the oldstable distribution (bullseye), these problems have been fixed
in version 1:102.14.0-1~deb11u1.


For the stable distribution (bookworm), these problems have been fixed in
version 1:102.14.0-1~deb12u1.


We recommend that you upgrade your thunderbird packages.


For the detailed security status of thunderbird please refer to
its security tracker page at:
[\
https://security-tracker.debian.org/tracker/thunderbird](https://security-tracker.debian.org/tracker/thunderbird)


",0,1:102.14.0-1~deb11u1,https://storage.googleapis.com/debian-osv/dsa-osv/DSA-5469-1.json
DSA-5470-1,python-werkzeug - security update,"
Several vulnerabilities were discovered in python-werkzeug, a collection
of utilities for WSGI applications.


* [CVE-2023-23934](https://security-tracker.debian.org/tracker/CVE-2023-23934)
It was discovered that Werkzeug did not properly handle the parsing
 of nameless cookies which may allow shadowing of other cookies.
* [CVE-2023-25577](https://security-tracker.debian.org/tracker/CVE-2023-25577)
It was discovered that Werkzeug could parse unlimited number of
 parts, including file parts, which may result in denial of service.


For the oldstable distribution (bullseye), these problems have been fixed
in version 1.0.1+dfsg1-2+deb11u1.


We recommend that you upgrade your python-werkzeug packages.


For the detailed security status of python-werkzeug please refer to its
security tracker page at:
[\
https://security-tracker.debian.org/tracker/python-werkzeug](https://security-tracker.debian.org/tracker/python-werkzeug)


",0,1.0.1+dfsg1-2+deb11u1,https://storage.googleapis.com/debian-osv/dsa-osv/DSA-5470-1.json
PYSEC-2023-91,N/A,Langchain 0.0.171 is vulnerable to Arbitrary Code Execution.,0,N/A,https://github.com/pypa/advisory-database/blob/main/vulns/langchain/PYSEC-2023-91.yaml
